ID,Статус,USDT,TON,Валюта,Продукт,BSC адрес,TON адрес,TX Hash,Дата
FT-TFCQZ246A735,paid,609,1.499589,ton,trust,0x6cf48701a521b50dc0FC2617950C2199Bc9af041,,0x96fc6f804151692870238f3988c0b26e4540c9a56a551e196da7867d9d9e3803,2026-05-20T20:16:14.161Z
FT-TFCQGY204122,paid,500,,usdt,trust,0x028E6Eb7e0E509aFF7De52C764A82b380c5c854f,,0xae4f00b8564c88e451160b1316a0ceb4fdcf4248d4ae09642b7b4360a07fda69,2026-05-20T20:05:22.012Z
FT-TFCNDOA82CDF,paid,609,1.499923,ton,trust,0x21610aBa10CEDC04782D861137974B3BA855d9F7,,0xb708b83e3d092995c54332a76903885d4bb820d03f17efa3b1474dede182ec1e,2026-05-20T18:58:36.401Z
FT-TFCGUDB41824,paid,1224,2.999884,ton,trust,0xA3989CA119d42785264149BAabA1A5219e10A9aD,,0x53bb012fbccd5f83fd95d610e3c17d534f4f9a7bde8b34c716e2e876ec3cee67,2026-05-20T16:37:25.188Z
FT-TFCEBX40511A,paid,500,1.249007,ton,trust,0x62fdd4f14576231d85fe7057b8a3320104995100,,0x7be6552beee7533fd59091af9746170e5abb581c190b92f14aa17213c012ee0f,2026-05-20T15:43:09.276Z
FT-TFC8GXBEEE50,expired,1440,,usdt,trust,0x94435375A48221B713349776D073C5FDD3a6d54f,,,2026-05-20T13:36:33.875Z
FT-SFTFC3P3CBB768,paid,500,1.288518,ton,metamask,E5Xyw6mF67fp9bMvVcZN5PVcPdWAYtvX8bsMJUDqcfdZ,,,2026-05-20T11:53:27.744Z
FT-SFTFC3D40AC956,paid,1009,2.599354,ton,metamask,BNaFeffZym8oV7MpcKxZvCnYQSp7FhHCQHmqjW6HTYPX,,,2026-05-20T11:46:16.423Z
FT-TFC32Y919D4F,paid,776,1.999115,ton,trust,0xF0D46F7354336fB8f6697a6807622f2Ff9080b9E,,0xdd5a0abb07b8dffc71c7dd983353dc8f106fee899bc4dd680db1a4cfc5c6458b,2026-05-20T11:40:10.500Z
FT-TFC2JQ81FFC0,paid,501,1.289973,ton,trust,0xd9Cb36952e2a57165d041827bD7ac10E613203c0,,0xa2a9cfe700f3dfb191d3e940e0a48f1f06ad754f767e5b82b8bb972f3b667c9b,2026-05-20T11:28:38.653Z
FT-TFBXUK20B338,paid,500,1.281945,ton,trust,0x6cf48701a521b50dc0FC2617950C2199Bc9af041,,0xed967d4ce634c292bc47a89ae171c7c9fed92c63c5964f1df94071bce6ea898c,2026-05-20T09:47:08.827Z
FT-TFBXAR47853F,waiting,500,1.281722,ton,trust,0x913b672e9ad6a353a95fde2be873c7f609d688cf,,,2026-05-20T09:35:15.372Z
FT-TFBG5K229888,paid,500,1.288005,ton,trust,0x6cf48701a521b50dc0FC2617950C2199Bc9af041,,0xea3069492b4e71e60b21ee00369762ba510327a12518a476da195519cf6c555c,2026-05-20T03:24:56.453Z
FT-TFAY4J84A812,waiting,500,,usdt,trust,0xD934d08A6B376a9C4608F49B8B586bA84d95182f,,,2026-05-19T20:55:31.143Z
FT-TFAUPQF82F3B,paid,500,,usdt,trust,0x53f28184F1720e05307562De96b7453A9213bbE5,,0x42d199743d0087ea4d75fe5c75b66ba4f6c5d3c82ab858adabe8b910df4409f4,2026-05-19T19:41:50.230Z
FT-TFATGN62570D,paid,1218,2.999707,ton,trust,0xe7a735Be3faE3EFc0EAa32EEc75324F630553014,,0x28fcb35c0b306e7c679318024893fbeb54ce9a236374e0f2e10ec147e28b78ac,2026-05-19T19:14:47.540Z
FT-TFAMW974C02F,paid,500,1.224683,ton,trust,0x9264cb9f139837d89ed62c4c9bda8a770f22bd62,,0xac0dc9e3d97abd7b3211ce3612564a37e77291ce960751cff1e2ca457750db3f,2026-05-19T16:52:57.858Z
FT-TFAM75E3B4F3,paid,812,1.999608,ton,trust,0xA3989CA119d42785264149BAabA1A5219e10A9aD,,0x366808d34a2b65d7424be2d11fc8caff3cebbb8938b8e9c27360d50f11db8076,2026-05-19T16:37:53.719Z
FT-TFAKHYFF99B7,paid,500,1.261779,ton,trust,0xEa615FcaDB90860828E4E30E2DCE35C297CAEe92,,0x35386d28c1b6be2fa64f8d066d2203f870cb6d8242641278e6e1daf8c4ac124b,2026-05-19T16:01:10.643Z
FT-TFAI3K34C153,paid,512,1.299589,ton,trust,0xBB3cbd8A9552fbACaFF940a0415c749dC1Ade3f5,,0xa8016924e9e44ca05cf464131b1ffc334f3309734d6aee68e01f7451bf147c1d,2026-05-19T15:09:20.171Z
FT-TFAH4H56C45B,paid,1182,2.999983,ton,trust,0xA3989CA119d42785264149BAabA1A5219e10A9aD,,0x3c1a8a5d332e4e5c62511f5e262b60ed4dd92a5d4e0d187bcb8120c6055644ef,2026-05-19T14:48:17.436Z
FT-TFADQ2A6A26E,paid,720,1.799593,ton,trust,0xa9D6871A8b75d4f816aa9fbb6c20e154eB993789,,0xe28803946f254c1b15ab6c7494f2ad7e292d4953b73af30d22aa3f4710dff1c7,2026-05-19T13:34:50.880Z
FT-TFACNV36EA07,waiting,10000,,usdt,trust,0xA175a10bcc74B3C7831a5D7c4F34e3C34a3288D9,,,2026-05-19T13:11:55.172Z
FT-TFAC4J4C4C05,paid,500,1.256144,ton,trust,0x5abf26a5b4f657ae9972f05ea02de6608051584f,,0x035a7b86373df186ba110ac54dfb4c8ffcb494d0f747cd84a93925aa2abc6a08,2026-05-19T13:00:19.374Z
FT-TFAAPQ1801FE,paid,500,1.249916,ton,trust,0x540677920359E87E5C70ef0bDc6fb0BeB98B6806,,0xa9364b487cc8da751f9e024ac4a16cdf3ae6a7cbde575624de72fd74c0d8c39c,2026-05-19T12:29:50.137Z
FT-TFAAPL456497,waiting,500,1.249639,ton,trust,0x540677920359E87E5C70ef0bDc6fb0BeB98B6806,,,2026-05-19T12:29:45.626Z
FT-TFA5O1C76860,paid,2515,5.029501,ton,trust,0x615dBb6Ead3b534B7f0d1c6ba53f4970e2647cC5,,0x529f07baec33e5097accf07212c11deaff729036d287893a37fac15fdbc5fb77,2026-05-19T10:40:49.844Z
FT-TF9VE932C119,paid,1250,2.499195,ton,trust,0x7a41E332431d4e069B65532c8830E172d6Afa32e,,0xcc886f2cd084f3bf8db23cab1ee5250113f35247f2b5cc760599ebe82f7f2723,2026-05-19T06:58:57.544Z
FT-TF8Z8678AF20,paid,641,1.281412,ton,trust,0xfCF51483E2e8b78a37c3cB830dc5F358758aA736,,0xcfbef683ef18f8c7d5f9c1567a1a1bf298d18ac2716693c9766f1d39b75a495d,2026-05-18T19:24:06.568Z
FT-TF8UHT30DF84,paid,500,,usdt,trust,0x5b42abae085d0584dce5f39feaaad90f4b2de8e3,,0xd8396a44a632994ea23f23f7dd0495fea9434af5441597a84d86de3a31cfb7af,2026-05-18T17:41:53.368Z
FT-TF8T9JD658D2,paid,644,1.288209,ton,trust,0x9896815D38E4E7eb93c925693bE2B7f8Fce756dE,,0x2ad1a79d63cbe7219f0019a620d933eda03755c04171c2b8550d6ec2aed1ce7a,2026-05-18T17:15:19.027Z
FT-TF8SFRFCA17F,paid,2500,4.999886,ton,trust,0xC83AFC777144cCfD81b2E408a54bC12a589b1be3,,0xe1dc1d64aa1b63a8d76af43ec4c784a0600d2f478d379c40e3ee2a6ec93dcd5b,2026-05-18T16:57:27.876Z
FT-SFTF8OVM9155FB,paid,650,1.29907,ton,metamask,5ccB8ZMw45h2FtKVChbJjJTtVYseL1LJ5K1NvPMq282G,,3a1tXjxg6NYRH6pmKPRuHEV1X14zaXUt997XCMzjjgzWmBbjBFQW9A1DgWFbycL4f7ZodqocfG1VJC6pX3TZXsRW,2026-05-18T15:40:34.755Z
FT-TF8OLMBD5A5F,paid,651,1.302015,ton,trust,0x6cf48701a521b50dc0FC2617950C2199Bc9af041,,0xae6c042264314154cfaf164859c9e0a72dba312e5b5b927f3c385fa011f75e8d,2026-05-18T15:34:34.028Z
FT-SFTF8O48D4F685,cancelled,650,1.299061,ton,metamask,5ccB8ZMw45h2FtKVChbJjJTtVYseL1LJ5K1NvPMq282G,,,2026-05-18T15:24:08.681Z
FT-SFTF8NRDA09881,paid,650,1.299119,ton,metamask,5ccB8ZMw45h2FtKVChbJjJTtVYseL1LJ5K1NvPMq282G,,4nXwR9eBjQBVKqQUKRY5qE5dD68YmqHsacg1ErLF8Qk72BQTTNWVQJT3pXysMD5q2Jpdj3sKG24KdyzkQJ1CMBTe,2026-05-18T15:16:25.209Z
FT-TF8LAZ7FDB79,paid,2500,4.999508,ton,trust,0xA3989CA119d42785264149BAabA1A5219e10A9aD,,0x7ff4452928631d0c71c88f7343408f7d40795a8880ee6a7a51cdf7de437f7e31,2026-05-18T14:23:23.972Z
FT-TF8L9F663D87,paid,2500,4.999223,ton,trust,0x3901dc24aD0aB356956C1b413287b302EE73EC4C,,0x32729d90fbbda5b4adeb8685aedc5a6670c8e1a81654d42d4e9153811bbc8947,2026-05-18T14:22:27.777Z
FT-TF8K688FB4F5,waiting,1250,2.499126,ton,trust,0x3901dc24aD0aB356956C1b413287b302EE73EC4C,,,2026-05-18T13:58:56.025Z
FT-SFTF8GT54C3705,cancelled,650,1.299018,ton,metamask,5ccB8ZMw45h2FtKVChbJjJTtVYseL1LJ5K1NvPMq282G,,,2026-05-18T12:46:17.823Z
FT-SFTF8FP7852E2B,send_failed,620,1.239628,ton,metamask,5ccB8ZMw45h2FtKVChbJjJTtVYseL1LJ5K1NvPMq282G,,,2026-05-18T12:22:19.135Z
FT-TF8F1QF6A9AA,paid,1500,2.999488,ton,trust,0x7a41E332431d4e069B65532c8830E172d6Afa32e,,0x63b392f90427945099c0a20d7a3433a78aa5dbc3e5f96fe6814d446a55b509c2,2026-05-18T12:08:14.749Z
FT-SFTF8EYP187DC9,send_failed,635,1.269036,ton,metamask,5ccB8ZMw45h2FtKVChbJjJTtVYseL1LJ5K1NvPMq282G,,,2026-05-18T12:06:25.964Z
FT-TF8CTQA9A631,waiting,651,1.301112,ton,metamask,5ccB8ZMw45h2FtKVChbJjJTtVYseL1LJ5K1NvPMq282G,,,2026-05-18T11:20:14.139Z
FT-TF8CNNF9E8D5,send_failed,651,1.301941,ton,metamask,5ccB8ZMw45h2FtKVChbJjJTtVYseL1LJ5K1NvPMq282G,,,2026-05-18T11:16:35.076Z
FT-TF8A5K243D61,paid,650,1.299799,ton,,0x89f0beB935c5892551014B3c38ad81F6d199a284,,0x2847bfdb85d4a71f44352066796c013f0d36a2a2deaeece9da89829043a20191,2026-05-18T10:22:32.476Z
FT-TF866T336A59,waiting,641,1.282007,ton,,0x9F1aB91bC42bf5a56532daB2366893F4ff42b9E7,,,2026-05-18T08:56:53.272Z
FT-TF8615CCC54B,paid,1248,2.495025,ton,,0x9F1aB91bC42bf5a56532daB2366893F4ff42b9E7,,0x9f61295ededb093cae6890442158805100edc3a14a0d51b11284e158fd2c5fb9,2026-05-18T08:53:29.934Z
FT-TF840U720609,paid,1050,2.099044,ton,,0x9d386d2db23e62ceaab8bae32499365d23b88268,,0x13645d00ca1036c015ea98d20f138fa52dd946ccf3ab497af88b9ecaacc186d7,2026-05-18T08:10:06.914Z
FT-TF81ILAB76DD,paid,1250,2.499432,ton,,0xE5231d75aa198Ee9569666cba19F5352Ccee5FFC,,0x54df426096814ce3b4c64428eba0e4120421d5b59d5d560d726d900318cb422a,2026-05-18T07:15:57.366Z
FT-TF80W0A54944,paid,641,1.282074,ton,,0x38457dF6897a67A582C493280DC58003148ABe53,,0x19ca39901bea106f1875bd1c7b939fa3219a0de705e0886f6258985002e739f3,2026-05-18T07:02:24.870Z
FT-TF80989EA4CB,paid,2000,3.999103,ton,,0xA3989CA119d42785264149BAabA1A5219e10A9aD,,0xd49b4768cd0686e85bbd9b81d86e59784a98cddb2d3719da113a548e4b20a05f,2026-05-18T06:48:44.766Z
FT-TF7ZHQ904DC7,paid,500,,usdt,,0xcdabf69f3823d2813b0f195eb84067ba7be93b3d,,0x607083491dfbca41baac25068ea5e1b1e13676cd97451723b9d42a038079ef3d,2026-05-18T06:32:14.778Z
FT-TF7U86240B4D,paid,651,1.301943,ton,,0x3801A3b847ee7413ED06e981b582f2882D7C2D92,,0x01632a84f3ba471fd16134544b202b7c5131b8ff16cc178c5d7d987cf1949b8a,2026-05-18T04:38:30.046Z
FT-TF7TTL42A0FF,waiting,500,,usdt,,0x3801A3b847ee7413ED06e981b582f2882D7C2D92,,,2026-05-18T04:29:45.881Z
FT-TF7C1DD40FE7,waiting,5000,9.999131,ton,,0xb41f63dC61eeA83CED3137d5F1dB551Fe472a9e8,,,2026-05-17T22:05:37.250Z
FT-TF78XZ2D3DCF,paid,940,1.879982,ton,,0x5B7cF15D07c0616Ed7729801fa0AE1EC4d4e5cc1,,0x2212f608c9b253750dfda6e3e77acafc27184a48de7d1a23f8f4a5479442f5de,2026-05-17T20:58:47.899Z
FT-TF77Q9927CDE,paid,750,1.499412,ton,,0xDf6a560a484Fe4f74577EdC718f41E40461d8c3E,,0x24803b00f86bf78842111c7e15503b5c0f310aa165adfec84cada128bba16f52,2026-05-17T20:32:33.091Z
FT-TF76ME59C048,paid,729,1.456898,ton,,0xA80384a00F78b4c03F84b8F1324376a9DB89F885,,0xd7a590058866caac96f39afe6da8771e0a6ca6c68b45f801e98db94580d34cff,2026-05-17T20:08:38.551Z
FT-TF76C384E7E4,paid,700,1.399543,ton,,0x5B7cF15D07c0616Ed7729801fa0AE1EC4d4e5cc1,,0x09f896b5a325384f64191e687bb002e596d998f7dc0fb20c32c1734315227a92,2026-05-17T20:02:27.003Z
FT-TF75UQE4B9F1,waiting,500,,usdt,,0x5B7cF15D07c0616Ed7729801fa0AE1EC4d4e5cc1,,,2026-05-17T19:52:02.837Z
FT-TF74GNEE2C31,paid,1250,2.499392,ton,,0x53Cd2a9253215B630a3F5ca560D11E5fF620546f,,0x44afaa7e16e84cf82f9c3079cb95128b8b1f4ac2b1b713e6582720223ea3187f,2026-05-17T19:21:59.950Z
FT-TF72N2E4EC14,paid,1000,,usdt,,0x9A3b01E773f4dfcC80d7e83854cF2cE89932A33C,,0xfe3d53d613592e686f862b434b825cec6df1092ef18e1a10433667cd8228800c,2026-05-17T18:42:38.460Z
FT-TF6YGI607556,paid,500,,usdt,,0x6434da31d1fdc02b37fe5d195e2f87f7096adc0a,,0xe82219ce7bd1fa9864379b5f2f05875d1260fa674fe4f10c56c8d28b8175cca6,2026-05-17T17:12:18.490Z
FT-TF6ULABF057A,paid,750,1.499237,ton,,0x4FA18aBB09259FD3eC01884bcFed0e396A7Aaeb4,,0x740cad2a21f609a8375c72ab8be5a8ad8522af8841cec51a462a2b33878acab0,2026-05-17T15:48:46.888Z
FT-TF6SXQ323575,paid,1500,2.999511,ton,,0xA3989CA119d42785264149BAabA1A5219e10A9aD,,0x125bc097ceaa6c76430141a5ef22f7bfca141a022b5b62706d1f0ee480ece9c5,2026-05-17T15:13:02.013Z
FT-TF6R9XF43C5A,waiting,650,1.299695,ton,,0xbd3690915268ba11afAb293B2fEB16c9B26d4F39,,,2026-05-17T14:37:09.015Z
FT-TF6QNIE8F790,paid,1000,1.99915,ton,,0x7a41E332431d4e069B65532c8830E172d6Afa32e,,0xae5ecd3ad712f63f5e2ea1abd3aaa5bcba3f4413e3d87550b2ff246e7e42a960,2026-05-17T14:23:42.983Z
FT-TF6P7B3118B1,paid,641,1.281718,ton,,0x6cf48701a521b50dc0FC2617950C2199Bc9af041,,0x40e3bd3393b4349c3a3d35c487c2ce36a9c127b66998f2a0760999a7fcecdc27,2026-05-17T13:52:23.568Z
FT-TF6OZ56F911A,waiting,641,1.282088,ton,,0x6cf48701a521b50dc0FC2617950C2199Bc9af041,,,2026-05-17T13:47:29.044Z
FT-TF6B8T7FB969,paid,1000,1.999088,ton,,0xEa615FcaDB90860828E4E30E2DCE35C297CAEe92,,0x34cb525a4aae0908ede0f1c1cfc89f12788932a8accdca38d8339afebd9deb7c,2026-05-17T08:50:53.158Z
FT-TF6A1SB19331,paid,500,,usdt,,0x0fA170dad98b34467fc42edb3B0787a302964Cc2,,0xea5074a42a580406ca288aabfb556e18e285f4119cc509aaf3666169f83b6af9,2026-05-17T08:25:04.011Z
FT-TF68LZ42FC23,expired,500,,usdt,,0x0fA170dad98b34467fc42edb3B0787a302964Cc2,,,2026-05-17T07:53:59.118Z
FT-TF68HYC159C3,paid,500,,usdt,,0x5B42ABAE085D0584Dce5F39fEaAad90F4b2DE8E3,,0x7ce86cf5ff783a92070c0e88e50b590c412d4e28852804de5935bb00841d2873,2026-05-17T07:51:34.810Z
FT-TF67UH994687,paid,750,1.499013,ton,,0xa9D6871A8b75d4f816aa9fbb6c20e154eB993789,,0x502fd07b15462ebfff1daa823c1379b7d0b7a3e7e2006fa8ed00e9e6e2e8f236,2026-05-17T07:37:29.608Z
FT-TF67SV565B40,paid,1500,2.999414,ton,,0xA3989CA119d42785264149BAabA1A5219e10A9aD,,0x5d4a793eef409eb526f6139565233b7f7cecfde30e96cb09537156807616fb97,2026-05-17T07:36:31.920Z
FT-TF64TX235DEA,paid,650,1.299399,ton,,0x540677920359E87E5C70ef0bDc6fb0BeB98B6806,,0x5ccb8e068e1a82e5bff6c5c02314c1b93f387ac1c7da71be75619bf5fb5b1399,2026-05-17T06:32:21.412Z
FT-TF5Q67C1DA38,paid,1300,2.599309,ton,,0x1E161596649776C2D5dA10F0e31340AF82b4e9E8,,0x12c43b9510394eb77e9a2651b1e48fe837977d90c1be48e3bd2488fb91640f5b,2026-05-17T01:15:43.884Z
FT-TF58UW906FDA,paid,651,1.302053,ton,,0xde363b15ebb41fb61928274f3b4c1d55bee6d377,,0x5ed6e953bb031b1346f3670b30d1e7e442f11a051347e9b8bb07a1b607bd2062,2026-05-16T19:01:44.517Z
FT-TF58PVADE307,waiting,500,,usdt,,0xde363b15ebb41fb61928274f3b4c1d55bee6d377,,,2026-05-16T18:58:43.380Z
FT-TF58M5277394,waiting,500,,usdt,,0xde363b15ebb41fb61928274f3b4c1d55bee6d377,,,2026-05-16T18:56:29.189Z
FT-TF58IABB8F82,waiting,500,,usdt,,0xde363b15ebb41fb61928274f3b4c1d55bee6d377,,,2026-05-16T18:54:10.126Z
FT-TF58F346D1F5,waiting,500,,usdt,,0xde363b15ebb41fb61928274f3b4c1d55bee6d377,,,2026-05-16T18:52:15.262Z
FT-TF58B93ACABD,waiting,500,,usdt,,0xde363b15ebb41fb61928274f3b4c1d55bee6d377,,,2026-05-16T18:49:57.740Z
FT-TF589DC64696,waiting,500,,usdt,,0xde363b15ebb41fb61928274f3b4c1d55bee6d377,,,2026-05-16T18:48:49.548Z
FT-TF587YD1B46B,waiting,965,1.929192,ton,,0xde363b15ebb41fb61928274f3b4c1d55bee6d377,,,2026-05-16T18:47:58.216Z
FT-TF586U57A91B,waiting,500,,usdt,,0xde363b15ebb41fb61928274f3b4c1d55bee6d377,,,2026-05-16T18:47:18.270Z
FT-TF57Z2EE679A,waiting,965,1.929771,ton,,0xde363b15ebb41fb61928274f3b4c1d55bee6d377,,,2026-05-16T18:42:38.560Z
FT-TF57XW14A5CC,waiting,500,,usdt,,0xde363b15ebb41fb61928274f3b4c1d55bee6d377,,,2026-05-16T18:41:56.956Z
FT-TF57WI2992AD,waiting,1250,2.499905,ton,,0x3901dc24aD0aB356956C1b413287b302EE73EC4C,,,2026-05-16T18:41:06.864Z
FT-TF56G32957F0,paid,1500,2.999098,ton,,0x6bCC4CF702931b12a0b3f9eaBDE6019b60d6D5c9,,0x72ff36686cd90b7c41190f270ad07b0585de15b4836b79d696d763261554259e,2026-05-16T18:09:39.211Z
FT-TF540J81B602,paid,644,1.287897,ton,,0x1E161596649776C2D5dA10F0e31340AF82b4e9E8,,0x33150c06e542d4b447cbc537769eabfe948ec7df37737483a61db1991d44f068,2026-05-16T17:17:07.939Z
FT-TF53NV07BBBF,paid,2625,5.249701,ton,,0x7c5913448475a48B4e0a4d968E20f09940fDb69C,,0x4c2ef0e7b5093181c74fbdaddad45405b0105221606fa4511d424010f16089aa,2026-05-16T17:09:31.671Z
FT-TF53LL7B7451,paid,644,1.288139,ton,,0x35fe1e0C957e4c7c7c348A39d69f7e3aAb648145,,0x9a0049ac25812543250a2d4a2eb4cf9d19d8e43112bdc8a82c6fa53fafba8fe8,2026-05-16T17:08:09.260Z
FT-TF4X3GA1230D,paid,651,1.301668,ton,,0x7023598fF77d9ccac635514614B0C4dF7eCe4b3A,,0x2e1cb5cfb8ddd1f7d5912d7cd46d683c7c50b24d86ebfabdd6d80886b3d87ae6,2026-05-16T14:47:40.712Z
FT-TF4X004E599F,waiting,500,,usdt,,0x7023598fF77d9ccac635514614B0C4dF7eCe4b3A,,,2026-05-16T14:45:36.103Z
FT-TF4VBW6B0F6E,paid,651,1.301574,ton,,0xBB3cbd8A9552fbACaFF940a0415c749dC1Ade3f5,,0x6b64623c31df62a65a3e202bbf1cf9e4bf4d32c20f41cd0aff68a15e7a8aa755,2026-05-16T14:09:32.736Z
FT-TF4UR8D0C63E,waiting,2000,,usdt,,0x89C906Eda4828950c38cb431F03d829D2a3b27C9,,,2026-05-16T13:57:08.366Z
FT-TF4SE15B5420,waiting,1250,2.499659,ton,,0x00b7eF39B0d01de4dFA32C4Cc37DF46d061CA2C8,,,2026-05-16T13:06:01.092Z
FT-TF4PAOD8D8A3,paid,500,,usdt,,0x5B11F8E134844b2058C0822432789b3d65daeB48,,0xe0fdc3ed2b7640d93c99de0320a2c7586465d7275bb15517388cbdfbd38e2e29,2026-05-16T11:59:12.544Z
FT-TF4MYW5EC0D5,paid,1000,1.999838,ton,,0x7a41E332431d4e069B65532c8830E172d6Afa32e,,0xc16ab584c19532066d66fa287f079b0ae1721464af3de1579f8892d16117c062,2026-05-16T11:08:56.643Z
FT-TF4HPC5D6752,paid,1500,2.999062,ton,,0xA3989CA119d42785264149BAabA1A5219e10A9aD,,0x94311b11953ab3cc7ef8b4fc6376b8095ffbd044d951ce26479819473d40375a,2026-05-16T09:15:12.186Z
FT-TF4GVLE344C7,waiting,500,,usdt,,0x7d7127cc4febc428d1cb70a62e28d94baac094fc,,,2026-05-16T08:57:21.734Z
FT-TF463C84BD09,waiting,500,,usdt,,0x587C260A505155F0D83f780Cab5c4D72f32952B6,,,2026-05-16T05:04:24.528Z
FT-TF3HK0CF2C61,expired,628,1.255552,ton,,0xbd3690915268ba11afAb293B2fEB16c9B26d4F39,,,2026-05-15T20:14:24.493Z
FT-TF3HJYC1B3F8,waiting,628,1.255783,ton,,0xbd3690915268ba11afAb293B2fEB16c9B26d4F39,,,2026-05-15T20:14:22.064Z
FT-TF3F6ZD8077F,expired,500,,usdt,,0xbd3690915268ba11afAb293B2fEB16c9B26d4F39,,,2026-05-15T19:23:23.887Z
FT-TF3F6F402C94,waiting,628,1.256088,ton,,0xbd3690915268ba11afAb293B2fEB16c9B26d4F39,,,2026-05-15T19:23:03.968Z
FT-TF3EWL9FD95C,expired,500,,usdt,,0xbd3690915268ba11afAb293B2fEB16c9B26d4F39,,,2026-05-15T19:17:09.908Z
FT-TF3EW7A3C76E,waiting,628,1.256234,ton,,0xbd3690915268ba11afAb293B2fEB16c9B26d4F39,,,2026-05-15T19:16:55.348Z
FT-TF3DJDB62506,waiting,625,1.249763,ton,,0xbd3690915268ba11afAb293B2fEB16c9B26d4F39,,,2026-05-15T18:47:37.698Z
FT-TF3AU894B5E8,paid,1500,2.999326,ton,,0xA3989CA119d42785264149BAabA1A5219e10A9aD,,0x57144861532c1902ebb2c8426b9d8634c691a9ae617e6155ac567767723d2d23,2026-05-15T17:49:20.573Z
FT-TF3AAH69E175,paid,625,1.33,ton,,0x4B334fF0Df370044fb7171C58128588a304DE77f,,0x53393b7fd12fa05189b2a2786c12327f8c3c94d93bcf6443e649351b45a5c56a,2026-05-15T17:37:29.240Z
FT-TF3A8V02EAAC,waiting,500,,usdt,,0x000000000000000000000000000000000000dEaD,,,2026-05-15T17:36:31.875Z
FT-TF39BAB2157D,waiting,4000,8.096,ton,,0x51b994B775249b9C79eef569524FDFcAF088878d,,,2026-05-15T17:16:22.130Z
FT-TF380S8C5023,paid,600,,usdt,,0xD7A4d0d6b857A5C2139A39E7546654C9DE7725b9,,0xd8bf6ce98e87b41959795f91fa61fcc4274a37633aa98e35de50d7b8dec40600,2026-05-15T16:48:28.214Z
FT-TF37XYC8254B,waiting,500,,usdt,,0xD7A4d0d6b857A5C2139A39E7546654C9DE7725b9,,,2026-05-15T16:46:46.246Z
FT-TF37ODE84074,waiting,500,,usdt,,0xbd3690915268ba11afAb293B2fEB16c9B26d4F39,,,2026-05-15T16:41:01.129Z
FT-TF37JLF9235B,waiting,1000,,usdt,,0x000000000000000000000000000000000000dEaD,,,2026-05-15T16:38:09.554Z
FT-TF379PEB81A3,paid,628,1.2883,ton,,0xbd3690915268ba11afAb293B2fEB16c9B26d4F39,,,2026-05-15T16:32:13.721Z
FT-TF378L4E53B4,expired,628,1.2873,ton,,0xbd3690915268ba11afAb293B2fEB16c9B26d4F39,,,2026-05-15T16:31:33.972Z
FT-TF36AN47EDED,paid,1000,2.036,ton,,0x4b334ff0df370044fb7171c58128588a304de77f,,,2026-05-15T16:11:11.387Z
FT-TF368W9FE87E,expired,700,1.447,ton,,0xbd3690915268ba11afAb293B2fEB16c9B26d4F39,,,2026-05-15T16:10:08.439Z
FT-TF35NJB1D366,paid,1250,,usdt,,0x4b334ff0df370044fb7171c58128588a304de77f,,,2026-05-15T15:57:19.047Z
FT-TF3121F8180D,waiting,1250,,usdt,,0xFAD7d33b48139cc0127C6d0ae454f7fbd0713415,,,2026-05-15T14:18:01.230Z
FT-TF30UR7356A0,waiting,1250,,usdt,,0x4b334ff0df370044fb7171c58128588a304de77f,,,2026-05-15T14:13:39.014Z
FT-TF30TJC5219E,paid,625,1.25,ton,,0x4b334ff0df370044fb7171c58128588a304de77f,,,2026-05-15T14:12:55.834Z
FT-TF30JG496B2A,waiting,1250,,usdt,,0x5b42abae085d0584dce5f39feaaad90f4b2de8e3,,,2026-05-15T14:06:52.286Z
FT-TF301WDB43BD,waiting,18000,36,ton,,0xA3989CA119d42785264149BAabA1A5219e10A9aD,,,2026-05-15T13:56:20.236Z
FT-TF3009CC2FFA,paid,1500,3,ton,,0xA3989CA119d42785264149BAabA1A5219e10A9aD,,,2026-05-15T13:55:21.982Z
FT-TF2XSJ543840,paid,1250,2.5,ton,,0x38457dF6897a67A582C493280DC58003148ABe53,,,2026-05-15T13:07:31.794Z
FT-TF2XQ0E9D515,waiting,1250,,usdt,,0x38457dF6897a67A582C493280DC58003148ABe53,,,2026-05-15T13:06:00.471Z
FT-TF2XNN7693B9,waiting,1250,2.5,ton,,0x38457dF6897a67A582C493280DC58003148ABe53,,,2026-05-15T13:04:35.339Z
FT-TF2V5H747A4F,paid,598,1.1962,ton,,0x35fe1e0C957e4c7c7c348A39d69f7e3aAb648145,,,2026-05-15T12:10:29.576Z
FT-TF2UJZEDFEA2,paid,598,1.1962,ton,,0xbd3690915268ba11afAb293B2fEB16c9B26d4F39,,,2026-05-15T11:57:35.555Z
swap_1778781040_8b155b,expired,1157.4,2.3148,,,0xbd3690915268ba11afAb293B2fEB16c9B26d4F39,,,2026-05-14T17:50:40.195Z
swap_1778488322_41b5fa,waiting,1000,2,,,0xbd3690915268ba11afAb293B2fEB16c9B26d4F39,,,2026-05-11T08:32:02.993Z
swap_1778488103_2a5a9c,waiting,1000,2,,,0xbd3690915268ba11afAb293B2fEB16c9B26d4F39,,,2026-05-11T08:28:23.152Z
swap_1778488082_ceb880,waiting,500,1,,,0xbd3690915268ba11afAb293B2fEB16c9B26d4F39,,,2026-05-11T08:28:02.255Z
swap_1778487574_1923d3,expired,250,0.5,,,0xbd3690915268ba11afab293b2feb16c9b26d4f39,,,2026-05-11T08:19:34.681Z
swap_1778487465_9880b4,expired,1000,2,,,0xE5231d75aa198Ee9569666cba19F5352Ccee5FFC,,,2026-05-11T08:17:45.346Z